<?xml version="1.0" encoding="UTF-8"?>
<project-private xmlns="http://www.netbeans.org/ns/project-private/1">
    <editor-bookmarks xmlns="http://www.netbeans.org/ns/editor-bookmarks/2" lastBookmarkId="0"/>
    <open-files xmlns="http://www.netbeans.org/ns/projectui-open-files/2">
        <group>
            <file>file:/home/smith/Dropbox/ACS/PA/PC_lab7/src/pc_lab7/PC_lab7.java</file>
            <file>file:/home/smith/Dropbox/ACS/PA/PC_lab7/src/graph/Graph.java</file>
            <file>file:/home/smith/Dropbox/ACS/PA/PC_lab7/src/lab7/p1.java</file>
            <file>file:/home/smith/Dropbox/ACS/PA/PC_lab7/src/lab7/p2.java</file>
        </group>
    </open-files>
</project-private>
