<?xml version="1.0" encoding="UTF-8"?>
<project-private xmlns="http://www.netbeans.org/ns/project-private/1">
    <editor-bookmarks xmlns="http://www.netbeans.org/ns/editor-bookmarks/2" lastBookmarkId="0"/>
    <open-files xmlns="http://www.netbeans.org/ns/projectui-open-files/2">
        <group>
            <file>file:/home/smith/Dropbox/ACS/PA/PA_lab5/src/pa_lab5/prob1/p1.java</file>
            <file>file:/home/smith/Dropbox/ACS/PA/PA_lab5/src/pa_lab5/PA_lab5.java</file>
            <file>file:/home/smith/Dropbox/ACS/PA/PA_lab5/src/pa_lab5/prob2/p2.java</file>
        </group>
    </open-files>
</project-private>
